word,freq
iphone,440
need,400
now,398
one,387
onerepublic,356
future,329
computers,317
batteries,314
studio,311
outlet,310
store,261
new,180
teamcavuto,180
nyc,169
agree,159
stage,157
protesters,157
protests,156
anger,156
phone,155
misplaced,155
diein,153
retweet,152
stock,147
get,143
via,140
apples,131
inc,122
will,118
can,118
just,116
update,110
amp,109
like,107
ipad,100
fuck,100
ios,97
app,92
intraday,90
december,85
dont,84
make,83
free,83
shit,82
jobs,80
steve,78
google,75
fix,74
ipod,71
macbook,70
iphones,70
thanks,69
cant,65
trading,64
time,64
levels,62
fibonacci,60
technicals,60
back,59
best,56
buy,56
please,55
users,55
pay,54
great,53
still,53
media,53
love,51
tech,50
watch,50
trade,49
use,49
sales,49
music,49
year,49
apps,48
hey,48
timcook,48
work,47
even,47
itunes,47
mac,46
emoji,46
today,45
good,45
really,45
want,45
price,45
next,44
stores,43
going,43
fucking,42
market,42
know,41
twitter,41
products,41
mkt,41
last,41
social,41
much,40
ceo,40
plus,40
battery,39
computer,39
blog,38
first,38
got,38
jpdesloges,37
monday,37
working,37
cook,37
tim,37
android,36
ive,36
thank,36
stockaction,36
antitrust,36
lawsuit,35
facebook,35
samsung,34
help,34
together,34
people,34
finally,34
dear,34
thehill,33
think,33
service,33
premium,33
yosemite,32
yall,32
target,32
stop,32
startup,32
comments,32
hiring,32
screen,31
charger,31
patent,31
deleted,31
doesnt,30
hate,30
pro,30
aaplapple,30
trial,30
may,30
wtf,29
federal,29
way,29
youtube,29
well,29
life,29
needs,29
workshops,29
see,28
better,28
every,28
let,28
day,28
customer,28
isnt,28
case,28
unlock,27
wont,27
final,27
news,27
says,27
mini,26
take,26
guys,26
video,26
drop,26
whats,26
holiday,26
hourofcode,26
ever,25
right,25
companies,25
law,25
iphoneplus,25
chargers,25
support,25
problem,25
demand,25
stevejobs,25
amazon,25
ipods,25
days,24
updated,24
lol,24
come,24
guru,24
top,23
makes,23
money,23
big,23
justice,23
say,23
macbookpro,23
billion,23
share,23
never,23
week,23
range,23
nice,23
emojis,23
keep,22
century,22
cites,22
department,22
nasdaq,22
comes,22
technology,22
god,22
getting,22
making,22
wait,21
putcallratios,21
thing,21
product,21
hold,21
quarter,21
important,21
list,20
world,20
air,20
suck,20
updates,20
gay,20
trying,20
hipster,20
unboxing,20
ill,20
bill,20
awesome,20
touch,20
detected,20
india,20
supporting,20
warming,20
emails,19
look,19
hard,19
ass,19
phones,19
gets,19
raised,19
without,19
profit,19
something,19
named,19
tell,19
didnt,19
block,19
china,19
shannonmmiller,19
cnbctv,18
since,18
photo,18
youre,18
visit,18
yet,18
able,18
many,18
changes,18
release,18
innovation,18
wrong,18
code,18
mobile,18
japan,18
million,18
mark,18
center,17
appstore,17
open,17
game,17
another,17
analyst,17
tuesday,17
bad,17
launch,17
stuff,17
years,17
company,17
genius,17
months,17
eps,17
damn,16
search,16
show,16
court,16
using,16
month,16
change,16
business,16
power,16
gotta,16
thats,16
call,16
messages,16
sucks,16
patents,16
sell,16
customers,16
looks,16
check,16
streaming,16
things,16
tweether,16
crash,15
applewatch,15
full,15
times,15
laptop,15
hell,15
hour,15
idea,15
works,15
yeah,15
inch,15
education,15
amazing,15
put,15
device,15
happened,15
wozniak,15
safari,15
siri,15
autocorrect,15
fool,15
motley,15
seems,15
done,15
earth,15
left,15
ads,15
bought,14
made,14
huge,14
wish,14
red,14
must,14
play,14
stupid,14
longer,14
website,14
said,14
send,14
goog,14
happy,14
someone,14
yes,14
set,14
shares,14
bar,14
reasons,14
waiting,14
profits,14
camera,14
weeks,14
tmobile,14
away,14
earnings,14
friday,14
facetime,14
okay,14
plans,14
maps,14
garage,14
icloud,13
used,13
rumors,13
minutes,13
nothing,13
note,13
lot,13
wifi,13
words,13
christmas,13
long,13
posted,13
version,13
fail,13
digital,13
delete,13
retail,13
heres,13
hours,13
paid,13
man,13
applepay,13
design,13
old,13
already,13
close,13
two,13
jmp,13
real,13
card,13
wow,13
songs,13
thursday,13
turning,13
elevate,13
almost,12
morning,12
galaxy,12
stay,12
fight,12
fall,12
follow,12
word,12
forex,12
nightly,12
forbes,12
night,12
poshnet,12
ipadmini,12
job,12
ipads,12
issues,12
strong,12
software,12
upgrade,12
internet,12
cool,12
anyone,12
tried,12
album,12
email,12
reason,12
broken,12
might,12
soon,12
alabama,12
antidiscrimination,12
security,12
stevewoz,12
increase,12
fashion,12
calls,12
plaintiff,12
excited,12
harry,12
potter,12
second,11
according,11
applenws,11
storage,11
gave,11
data,11
face,11
online,11
also,11
everyone,11
gpro,11
competition,11
actually,11
hope,11
home,11
talk,11
issue,11
preopening,11
always,11
boost,11
slow,11
meet,11
radioshack,11
early,11
deal,11
gonna,11
windows,11
group,11
school,11
aint,11
fazenikan,11
jakeflem,11
theyre,11
stopped,11
learn,11
ubs,11
crucibtch,11
supply,11
iwatch,10
late,10
staff,10
buying,10
die,10
lost,10
baba,10
mean,10
give,10
post,10
charge,10
cord,10
replace,10
feel,10
claims,10
become,10
devices,10
feature,10
annoying,10
thestreet,10
protection,10
screens,10
planning,10
team,10
believe,10
instead,10
piece,10
helping,10
find,10
bloombergtv,10
bank,10
takes,10
live,10
tweet,10
start,10
finger,10
middle,10
thinking,10
system,10
wednesday,10
developer,10
success,10
build,10
thought,10
street,10
valley,10
zuckerberg,10
swiftkey,10
flash,9
biggest,9
ago,9
install,9
seriously,9
verizon,9
stand,9
keeps,9
aids,9
retina,9
try,9
microsoft,9
wanna,9
sold,9
losing,9
futures,9
trader,9
increases,9
imessage,9
maybe,9
less,9
heads,9
wireless,9
yesterday,9
key,9
selling,9
rating,9
marketing,9
cue,9
report,9
credit,9
taking,9
wants,9
reportedly,9
russia,9
suit,9
revenue,9
goes,9
enough,9
higher,9
purchase,9
brand,9
playing,9
smartphone,9
imac,9
date,9
talks,9
techcrunch,9
record,9
bit,9
bring,9
donkey,9
myth,9
youll,9
create,9
muslim,9
shows,8
past,8
drops,8
txed,8
headphones,8
anymore,8
dropped,8
dec,8
launches,8
worth,8
name,8
recent,8
barclays,8
care,8
completely,8
dying,8
changing,8
breaking,8
everything,8
cofounder,8
surface,8
star,8
talking,8
amid,8
opening,8
deposition,8
wasnt,8
canaccord,8
eddy,8
lack,8
looking,8
event,8
available,8
sorry,8
sprint,8
raises,8
bgr,8
player,8
rivals,8
freezing,8
sort,8
ban,8
blackberry,8
wearables,8
movie,8
short,8
anything,8
thinks,8
heck,8
sick,8
amzn,8
monster,8
save,8
worse,8
pretty,8
spent,8
ask,8
applebees,8
problems,8
told,8
leave,8
services,8
ideas,8
applestore,8
citycreek,8
omg,8
crazy,8
worst,8
starbucks,8
mhdadon,8
coding,8
continue,8
house,8
page,8
hsmoghul,8
prison,8
smartwatch,8
games,8
rampd,8
weekends,8
ilovemymom,8
cords,7
worlds,7
sync,7
network,7
sign,7
running,7
connected,7
switch,7
win,7
privacy,7
growing,7
info,7
tablet,7
button,7
sure,7
break,7
broke,7
twtr,7
gain,7
morgan,7
stanley,7
gopro,7
cause,7
incs,7
warranty,7
fire,7
pick,7
audio,7
excellent,7
though,7
took,7
evidence,7
season,7
due,7
ahead,7
beyond,7
hear,7
sees,7
ratingsnetwork,7
edtech,7
details,7
currently,7
mechanism,7
healthkit,7
photos,7
loses,7
chromecast,7
came,7
weekend,7
link,7
chinese,7
pricefixing,7
similar,7
theres,7
telling,7
arent,7
daily,7
billgates,7
influenster,7
learning,7
type,7
suddenly,7
called,7
step,7
fucked,7
dies,7
cyber,7
setting,7
around,7
coming,7
securities,7
pop,7
went,7
consumers,7
reset,7
moves,7
point,7
trademark,7
jmhattem,7
visits,7
whitehouse,7
pls,7
number,7
sometimes,7
died,7
macs,7
major,7
asap,7
improve,7
five,7
deleting,7
reveals,7
figure,7
keyboard,7
giveaway,7
catching,7
programming,7
different,7
former,7
brands,7
ericgarner,7
jcolenc,7
congratulations,7
fancy,7
jessepickard,7
kidding,7
naivana,7
non,6
upgrading,6
aaplheres,6
story,6
faster,6
given,6
employee,6
cybermonday,6
ebay,6
shipping,6
built,6
three,6
download,6
read,6
clave,6
contra,6
esignal,6
reality,6
part,6
pictures,6
exactly,6
auto,6
turn,6
america,6
cuts,6
netflix,6
surprised,6
access,6
students,6
line,6
prices,6
cracked,6
featured,6
files,6
sony,6
green,6
rival,6
pieces,6
following,6
innovative,6
positive,6
simple,6
place,6
level,6
largest,6
building,6
giving,6
program,6
weekly,6
calling,6
whole,6
decided,6
wanted,6
smart,6
cut,6
allowing,6
firefox,6
hamzei,6
notifications,6
jesus,6
tired,6
reported,6
sincerely,6
web,6
pissed,6
weak,6
haha,6
text,6
true,6
cost,6
leader,6
logic,6
little,6
spot,6
appletv,6
beats,6
person,6
trash,6
investors,6
physical,6
third,6
phablet,6
gone,6
global,6
mail,6
message,6
password,6
models,6
osx,6
gift,6
else,6
etc,6
engineer,6
easy,6
congrats,6
rumor,6
moment,6
ecommerce,6
ready,6
challenge,6
watches,6
host,6
flying,6
head,6
box,6
guy,6
cash,6
official,6
upward,6
yahoo,6
sunrise,6
expand,6
exchange,6
survey,6
stackizshort,6
exec,6
flag,6
sunday,6
names,6
meme,6
smarter,6
schreier,6
lunchgod,6
adage,6
brooklyn,6
jimcramer,5
logo,5
contact,5
dumb,5
points,5
portfolio,5
literally,5
latest,5
browser,5
pass,5
interesting,5
explain,5
truly,5
behind,5
young,5
automatically,5
annoyed,5
cases,5
exit,5
hamzeianalytics,5
picks,5
sector,5
charging,5
juicio,5
dead,5
percent,5
book,5
contacts,5
speak,5
fine,5
normal,5
earned,5
correct,5
reading,5
course,5
nonretina,5
unbox,5
file,5
pages,5
wonder,5
homekit,5
googl,5
options,5
fast,5
easier,5
bug,5
memory,5
saturday,5
beating,5
alarm,5
startups,5
folder,5
genuity,5
cheap,5
chromebooks,5
gold,5
lower,5
production,5
sharp,5
hed,5
places,5
oil,5
enjoying,5
government,5
poor,5
trillion,5
priced,5
bears,5
contracts,5
double,5
drive,5
analysis,5
cap,5
passes,5
means,5
probably,5
ground,5
explanation,5
ups,5
drm,5
fuckin,5
cramer,5
dev,5
solution,5
allow,5
map,5
hopefully,5
yosemiteproblems,5
targets,5
prevent,5
ibooks,5
reach,5
happen,5
kill,5
bullshit,5
gives,5
legendary,5
rules,5
stick,5
user,5
run,5
eye,5
track,5
rain,5
receive,5
shopping,5
actual,5
niggas,5
appledec,5
continues,5
lets,5
woz,5
enterprise,5
iot,5
renoxalex,5
releases,5
questions,5
asks,5
falling,5
wheres,5
order,5
redbull,5
white,5
crap,5
carplay,5
fbi,5
spend,5
shifts,5
shout,5
move,5
lasts,5
corporate,5
shutitdown,5
fat,5
recently,5
bell,5
mind,5
appeals,5
dollars,5
yea,5
bruh,5
multiple,5
intel,5
certain,5
question,5
form,5
end,5
languages,5
spy,5
hit,5
aaplapples,5
replaced,5
kantar,5
australia,5
cover,5
push,5
worldwide,5
lead,5
mine,5
integration,5
adds,5
seem,5
side,5
expect,5
handle,5
captures,5
leaked,5
bubble,5
shouldnt,5
police,5
king,5
answer,5
quick,5
wouldnt,5
sun,5
chrome,5
based,5
fan,5
cnet,5
useless,5
despite,5
rumours,5
differences,5
main,5
disruptive,5
codeorg,5
appygeek,5
feet,5
recording,5
constantly,5
tomorrow,5
international,5
samsungmobileus,5
possible,5
russellferg,5
attacks,5
texas,5
applecordfire,5
option,5
appleuk,5
googles,5
compliant,5
suppliers,5
icantbreathe,5
macys,5
loop,5
itunesmusic,5
swerviinnn,5
brown,5
murder,5
leadtimes,5
previous,5
terrible,5
ensure,5
tesla,5
espionage,5
citigroup,5
lagging,5
bionicbombshell,5
miniflash,4
cat,4
match,4
minute,4
dip,4
calendar,4
fixed,4
notification,4
determined,4
nigga,4
laws,4
huh,4
displeased,4
clear,4
ferguson,4
sooooo,4
voice,4
whether,4
dammit,4
sentence,4
created,4
pie,4
rumoured,4
gtgtgt,4
elnuevoherald,4
myths,4
ship,4
smh,4
reveal,4
unseen,4
york,4
band,4
brass,4
broadway,4
donacamp,4
winterseve,4
peaked,4
junk,4
shitty,4
airmiles,4
function,4
fact,4
none,4
earphones,4
beat,4
bluetooth,4
premarket,4
tsla,4
others,4
notes,4
write,4
machines,4
damage,4
videos,4
images,4
experience,4
room,4
plug,4
teams,4
witness,4
cnbc,4
doomed,4
movers,4
aaplhow,4
cards,4
remove,4
review,4
local,4
server,4
estimates,4
later,4
model,4
return,4
fails,4
offering,4
turns,4
whatever,4
fallen,4
brief,4
focusing,4
xcode,4
growth,4
remember,4
seen,4
add,4
sells,4
state,4
address,4
awful,4
median,4
ratings,4
upside,4
offer,4
valued,4
role,4
testimony,4
sent,4
designer,4
sitting,4
lock,4
tlchat,4
winnipeg,4
items,4
current,4
fellow,4
testing,4
secrets,4
knows,4
forget,4
aaplsteve,4
eem,4
att,4
samsungs,4
ignore,4
wit,4
worked,4
laurakate,4
platform,4
action,4
miss,4
rather,4
features,4
theweldingroom,4
research,4
half,4
watching,4
loving,4
aaplin,4
district,4
bugs,4
yep,4
midair,4
uber,4
appointment,4
cleared,4
keyboards,4
space,4
charged,4
protest,4
copy,4
cute,4
held,4
texts,4
difficult,4
ebook,4
whoever,4
intc,4
black,4
heart,4
webgl,4
fades,4
restart,4
found,4
twice,4
replacing,4
contract,4
coverage,4
devs,4
thx,4
classaction,4
funding,4
cloud,4
board,4
umogames,4
approved,4
discuss,4
aaplgoogle,4
graphics,4
led,4
join,4
sit,4
invent,4
orders,4
trumps,4
cyrustvirus,4
ringtone,4
goodbye,4
protect,4
kind,4
beatsbydre,4
thermometer,4
office,4
definitely,4
aye,4
bestbuy,4
display,4
difference,4
slc,4
disturb,4
benefits,4
founder,4
channels,4
downloaded,4
secretly,4
fault,4
purchased,4
mavericks,4
employees,4
rolling,4
position,4
settings,4
connection,4
fam,4
plugged,4
hurry,4
bonus,4
class,4
makers,4
freaking,4
awards,4
holidays,4
gravity,4
traffordcentre,4
wall,4
classic,4
hears,4
entire,4
october,4
happening,4
nonitunes,4
ipadair,4
explosive,4
workforce,4
discusses,4
alex,4
zagkmerrick,4
turned,4
msbiancabisa,4
havent,4
seeing,4
decem,4
playlist,4
control,4
quality,4
robots,4
across,4
accident,4
min,4
plaintiffs,4
margin,4
promote,4
walgreens,4
trend,4
changed,4
ridiculous,4
decades,4
silicon,4
hangs,4
nearest,4
total,4
xiaomi,4
momentum,4
boylston,4
urbannutcracker,4
currency,4
foreign,4
headwind,4
fits,4
backup,4
battle,4
development,4
facing,4
predictions,4
adapters,4
brandable,4
carry,4
headsaregoingtoroll,4
promoproduct,4
fernandez,4
defends,4
occupy,4
protestors,4
rebelutionaryz,4
verge,4
sentenced,4
survive,4
cock,4
porn,4
vitosfam,4
xvideos,4
sense,4
value,4
lte,4
bro,4
focus,4
george,4
sydney,4
matches,4
fires,4
invest,4
carlabarlacakes,4
crappy,4
frankthepilot,4
tschwettman,4
fitnesstracker,4
preview,4
quantifiedself,4
bmo,4
member,4
fearing,4
simply,4
massive,4
including,4
horseshoebmore,4
azakfeverafc,4
bose,4
hoarding,4
preferably,4
shxt,4
mzhoov,4
earns,4
lifetime,4
facility,4
minister,4
prime,4
fashionfocused,4
fashiontech,4
ftdaily,4
pullback,3
tablets,3
expected,3
engine,3
tops,3
analysts,3
equity,3
issued,3
battles,3
defend,3
everywhere,3
prob,3
shuffle,3
traders,3
violation,3
criminal,3
prosecute,3
chart,3
explains,3
badservice,3
inspired,3
collection,3
espn,3
hoping,3
needed,3
restore,3
fair,3
account,3
random,3
blue,3
paul,3
costs,3
finance,3
fulltime,3
couldnt,3
campaign,3
voicemail,3
btw,3
shareholders,3
blackfriday,3
tree,3
boys,3
firm,3
faggots,3
kinda,3
tonight,3
wars,3
perhaps,3
lenovo,3
thankful,3
emerge,3
spring,3
ipodtouchthgen,3
seconds,3
sad,3
economic,3
events,3
markets,3
wmt,3
missed,3
letting,3
replacement,3
caused,3
payments,3
figured,3
crests,3
reiterates,3
teach,3
nightmare,3
grave,3
risk,3
ebooks,3
core,3
student,3
looked,3
interface,3
aaplfast,3
recap,3
leaders,3
mary,3
dollar,3
vertical,3
rejected,3
notice,3
theyll,3
rated,3
lately,3
atampt,3
switching,3
ruined,3
damnit,3
reiterated,3
either,3
pain,3
shortages,3
immune,3
complete,3
rep,3
deals,3
aging,3
mid,3
putting,3
suing,3
youve,3
california,3
comparison,3
rotating,3
applecare,3
lawmakers,3
locations,3
weird,3
banks,3
silver,3
asking,3
perfect,3
safe,3
sounds,3
fixit,3
released,3
eat,3
travel,3
arccosgolf,3
buddies,3
ctnext,3
stamfordicenter,3
february,3
underway,3
picking,3
russian,3
favourite,3
towards,3
crashes,3
fixing,3
swift,3
businessinsider,3
connectivity,3
everyday,3
moving,3
maintain,3
tacobell,3
maker,3
apple,3
consider,3
mashable,3
jengolbeck,3
hot,3
ecosystem,3
caseypieper,3
heard,3
hebrew,3
shampeau,3
buzz,3
geniuses,3
unit,3
gosh,3
clock,3
super,3
appleonly,3
officially,3
least,3
active,3
anywhere,3
rude,3
feeling,3
typo,3
holding,3
dick,3
wasted,3
somebody,3
national,3
commercials,3
dropping,3
pronto,3
oppo,3
happens,3
disgusting,3
jeff,3
process,3
sashametro,3
patented,3
googlenexus,3
technical,3
outperform,3
opportunity,3
repair,3
paypal,3
walmart,3
chase,3
straight,3
expert,3
ssnlf,3
musicbiz,3
musicindustry,3
limited,3
helps,3
serious,3
suite,3
partners,3
samsungtweets,3
brain,3
listen,3
thru,3
strategy,3
kicks,3
nut,3
understand,3
tape,3
started,3
idk,3
cable,3
boss,3
waited,3
wins,3
lmao,3
gained,3
germany,3
significant,3
experts,3
gaming,3
hand,3
trouble,3
useful,3
public,3
symbol,3
jimmy,3
gauna,3
flu,3
christmascount,3
redxpower,3
lightning,3
site,3
aapla,3
posting,3
needa,3
snapchat,3
icahn,3
private,3
accused,3
hardware,3
cnn,3
returns,3
shoot,3
sextsatan,3
ischool,3
carriers,3
exceptionally,3
ikea,3
copying,3
pos,3
ringtones,3
admits,3
petty,3
audience,3
yay,3
tells,3
per,3
tho,3
mariahreagan,3
bout,3
appeal,3
removed,3
several,3
printer,3
downgrade,3
feedback,3
glass,3
keylogger,3
provided,3
leads,3
prozacnation,3
manufacturing,3
insider,3
navigation,3
transit,3
iphonec,3
within,3
request,3
messed,3
conditions,3
globallabor,3
greenamerica,3
safer,3
svn,3
crushing,3
businessweek,3
potential,3
techs,3
yearold,3
food,3
square,3
tap,3
programs,3
phablets,3
unacceptable,3
water,3
science,3
starting,3
nike,3
roundup,3
suppressing,3
shut,3
worried,3
plane,3
bet,3
brent,3
low,3
pics,3
shot,3
developers,3
guess,3
attcares,3
samsungmobile,3
four,3
nearly,3
taken,3
children,3
episode,3
habitburger,3
onfoodableweekly,3
community,3
crowdsourcing,3
blow,3
beta,3
error,3
missionir,3
campus,3
sharksbeauty,3
pushed,3
buggy,3
bueno,3
aapliphone,3
sue,3
judge,3
investing,3
clone,3
dudes,3
htc,3
santa,3
northampton,3
northamptonshire,3
thoughts,3
bbry,3
slice,3
dropbox,3
argue,3
vod,3
airplay,3
krumpers,3
small,3
buffett,3
lgbt,3
forecast,3
client,3
kids,3
director,3
twdancecenter,3
consensus,3
units,3
ending,3
spencerescott,3
blame,3
diversity,3
dude,3
aka,3
marxculture,3
permission,3
family,3
killed,3
smashed,3
dannyrosin,3
mfi,3
newest,3
mrbeagleman,3
shuts,3
cleosbaby,3
nofear,3
hitting,3
flagship,3
spared,3
blocked,3
fucks,3
ehsonakbary,3
grow,3
couch,3
wrap,3
hoos,3
whoabiebz,3
roll,3
absolutely,3
highpriced,3
watchs,3
autocorrects,3
approve,3
panic,3
availability,3
annacochrane,3
confirmed,3
favorite,3
nosheenhoo,3
detects,3
ordered,3
steal,3
ello,3
capital,3
professorf,3
debuts,3
impact,3
clytncpr,3
component,3
fakebananas,3
unicom,3
srig,3
giants,3
beams,3
developing,3
laser,3
surroundings,3
zdnet,3
gwen,3
mastercard,3
stefani,3
theywantvonnie,3
threes,3
techland,3
fund,3
managers,3
govt,3
lisaeadicicco,3
clash,3
neither,3
returning,3
violence,3
fairoakstrader,3
airmilesshops,3
listenlena,3
fing,3
simplyyoursjoh,3
scarfacesheed,3
justrippy,3
reminds,3
abe,3
dessytech,3
wowfactz,3
smartling,3
taus,3
translate,3
williamsburg,3
speakers,3
luxury,3
decodedfashion,3
afrobugeisha,3
asmsg,3
aaplthe,2
todays,2
inquisition,2
gains,2
more,2
presentation,2
wearable,2
augustsmartlock,2
screwed,2
abandoned,2
isis,2
john,2
appointments,2
suggested,2
hines,2
newly,2
robconeybeer,2
gawd,2
chill,2
ppl,2
stickers,2
efficiency,2
leading,2
cite,2
trahall,2
closing,2
constitution,2
txt,2
admin,2
seizure,2
expensive,2
force,2
nsa,2
screenshot,2
round,2
daughter,2
daughters,2
stolen,2
bruce,2
aydlettgwyn,2
educate,2
claim,2
fell,2
choice,2
ram,2
interestingfact,2
passingthetime,2
whoknew,2
capitalizes,2
self,2
tab,2
stake,2
aapljim,2
cramers,2
health,2
percentage,2
inside,2
turkey,2
smartoutsource,2
sne,2
kit,2
chuck,2
tumbles,2
unusual,2
gbs,2
joins,2
added,2
chose,2
defective,2
wrapped,2
sale,2
designed,2
bitches,2
alone,2
boot,2
burning,2
secret,2
reinstall,2
cisco,2
algorithmic,2
decline,2
guest,2
awarded,2
displays,2
cunts,2
unusable,2
reservations,2
ended,2
exact,2
trackpad,2
forcing,2
updating,2
toledo,2
deer,2
suppose,2
passbook,2
pacific,2
tactics,2
unfair,2
lesson,2
matters,2
fantastic,2
quickly,2
laurrynk,2
fortunemagazine,2
chance,2
deserves,2
ignored,2
largely,2
justinpulitzer,2
featuring,2
minimal,2
energy,2
introductions,2
exposed,2
clown,2
pisini,2
billionaire,2
overtake,2
imagine,2
microsofts,2
props,2
reviewing,2
hoes,2
mcafee,2
mobilesecurity,2
slump,2
interestingly,2
shortyawards,2
dock,2
elgato,2
thunderbolt,2
coolest,2
delivery,2
cem,2
custserv,2
bills,2
crest,2
deutsche,2
pac,2
struggles,2
paying,2
consumer,2
dominate,2
jopocop,2
decision,2
adware,2
susceptible,2
allegations,2
fighting,2
forums,2
advertising,2
companys,2
programmatic,2
ping,2
winteknoc,2
woah,2
leapfrogs,2
gorgeous,2
lighting,2
tricks,2
considering,2
breaks,2
tomshardware,2
damm,2
ohiloveariana,2
sparkingari,2
cycle,2
merrill,2
besides,2
popular,2
faces,2
backwards,2
grab,2
gear,2
prefer,2
vendor,2
speaks,2
acekituk,2
damaged,2
yeardeath,2
plz,2
drag,2
qcom,2
surprising,2
designers,2
fastcodesign,2
split,2
scary,2
although,2
holds,2
purse,2
tommyhilfiger,2
regards,2
catch,2
fitbit,2
speaking,2
travlandleisure,2
littlewordbites,2
wed,2
incredible,2
pin,2
rumour,2
ppropp,2
foxnews,2
unfollow,2
unlike,2
bull,2
far,2
flight,2
interest,2
november,2
alternative,2
spell,2
dreaming,2
caps,2
puts,2
promoting,2
press,2
results,2
bottom,2
imho,2
optionmonster,2
kare,2
susan,2
counts,2
large,2
especially,2
desperate,2
driver,2
utterly,2
changer,2
cupertino,2
enjoyed,2
anybody,2
productred,2
searched,2
mobilephone,2
creation,2
war,2
dismiss,2
reflect,2
agreed,2
sets,2
aaplone,2
hang,2
landonboyd,2
systems,2
redownload,2
threat,2
ivv,2
ultra,2
devil,2
bob,2
appt,2
smhq,2
liver,2
strengthen,2
disappear,2
dad,2
goal,2
jump,2
french,2
seemed,2
selection,2
lynch,2
aside,2
entering,2
realityfull,2
throw,2
cheeky,2
characters,2
theyd,2
spotlight,2
chats,2
instagram,2
cultofmac,2
mochasucks,2
saying,2
brilliant,2
earbuds,2
common,2
malware,2
passwords,2
reorder,2
tweets,2
accepts,2
reduce,2
fortune,2
judgment,2
principled,2
truths,2
english,2
guts,2
license,2
homie,2
lumia,2
content,2
exclusive,2
globalfund,2
howardlake,2
appleids,2
merge,2
hide,2
appleios,2
overtook,2
rolled,2
forreal,2
till,2
connect,2
creditors,2
gtat,2
williams,2
finals,2
iupdate,2
rubbish,2
click,2
cables,2
functioning,2
duns,2
ironic,2
mayhembcn,2
accessories,2
gmoneyizme,2
documents,2
records,2
soar,2
cocktails,2
history,2
lawyers,2
nytimes,2
hackers,2
enormous,2
mix,2
gray,2
pink,2
command,2
disk,2
debut,2
capitalizing,2
saifbinseed,2
tip,2
confusion,2
europe,2
upgraded,2
composite,2
infused,2
resin,2
structures,2
transpartent,2
carlquintanilla,2
hypebot,2
outselling,2
faulty,2
handy,2
bricked,2
rotten,2
plan,2
dreidel,2
increased,2
ugly,2
leather,2
feels,2
gregburke,2
youd,2
creates,2
information,2
spellcheck,2
unified,2
failing,2
obviously,2
compliance,2
customs,2
quite,2
glad,2
discussion,2
loved,2
extra,2
granted,2
headxcreeps,2
mpgavin,2
dingles,2
clients,2
refresh,2
rocks,2
vaynermedia,2
vomiting,2
burn,2
britain,2
rediculous,2
hints,2
leap,2
oculus,2
dominates,2
whereiscooldude,2
embrace,2
shoutout,2
failed,2
sending,2
iovine,2
kinsa,2
test,2
dealing,2
meant,2
accent,2
language,2
grand,2
bedbathbeyond,2
und,2
badge,2
sticker,2
anf,2
lyv,2
tgt,2
tjx,2
aapldid,2
carl,2
soul,2
cities,2
peaceful,2
androids,2
clobber,2
underdog,2
howto,2
sdk,2
africa,2
infographic,2
ego,2
feed,2
superman,2
sai,2
alpha,2
seeking,2
grey,2
googledrive,2
huluplus,2
payed,2
donates,2
challenges,2
hackathon,2
front,2
ari,2
livingthedream,2
llvivivuvu,2
replied,2
views,2
hilarious,2
fdacleared,2
smartphoneconnected,2
competing,2
owners,2
finder,2
appear,2
developments,2
jetbrains,2
becoming,2
beatssupport,2
paulyarns,2
treating,2
falls,2
crashing,2
impressed,2
frustrating,2
honestly,2
comcast,2
machine,2
randomly,2
wth,2
commercial,2
books,2
aaplnew,2
disappointed,2
reverse,2
valuewalk,2
application,2
aaplalabama,2
aaplbloomberg,2
jamesloera,2
silly,2
utc,2
lego,2
aaplupdate,2
coredump,2
aaplbeacons,2
anti,2
includes,2
lightening,2
robust,2
wastwater,2
secure,2
engadget,2
union,2
itouch,2
benzene,2
worldpanel,2
lmfao,2
namesake,2
poised,2
recordbreaking,2
country,2
signed,2
source,2
aaplafter,2
clawing,2
losses,2
loosing,2
paper,2
commute,2
cooks,2
mistake,2
limitations,2
perfectly,2
summed,2
androidauto,2
revealed,2
sound,2
glitches,2
svnetwork,2
loves,2
sculley,2
spike,2
trigger,2
revolution,2
sketchy,2
streethigh,2
walk,2
mbp,2
capitalization,2
everybody,2
wild,2
avgo,2
radbarakat,2
thmost,2
financial,2
backing,2
hollywood,2
nabbed,2
wizkid,2
bread,2
supplychain,2
evernote,2
novelty,2
productivity,2
warns,2
finna,2
def,2
nheagy,2
bourgeois,2
arm,2
leg,2
invested,2
totally,2
waywardhem,2
announces,2
offers,2
fights,2
hosting,2
executives,2
average,2
snatched,2
technews,2
damages,2
adding,2
eur,2
iti,2
workstold,2
opportunities,2
danbilzerian,2
frankcaliendo,2
iansomerhalder,2
ryandorsey,2
kantars,2
appears,2
maketh,2
peoples,2
pesky,2
thee,2
detailed,2
mass,2
honor,2
gadgets,2
rest,2
sharing,2
boynecityps,2
classroom,2
garageband,2
faith,2
pizza,2
forty,2
thousand,2
special,2
improved,2
siripassbook,2
equally,2
dawn,2
pissing,2
auditorium,2
mths,2
mobilepayments,2
technologies,2
elubow,2
helpful,2
imessages,2
icons,2
yikes,2
anyway,2
whos,2
torn,2
disaster,2
crisis,2
pre,2
fitness,2
bending,2
surprise,2
ugh,2
ongoing,2
covered,2
greenemarktplc,2
leadership,2
sotos,2
worldresources,2
tht,2
impossible,2
missing,2
verizonwireless,2
fragile,2
shown,2
pcs,2
lihdior,2
witchall,2
facetimeing,2
hangouts,2
bigger,2
kinder,2
dougluberts,2
complicated,2
fraud,2
received,2
limb,2
advanced,2
simplicity,2
solutions,2
typing,2
peeps,2
saved,2
cynthialanel,2
balance,2
cooolestnerd,2
cos,2
accessible,2
pull,2
virtual,2
claus,2
proper,2
marksutton,2
laughing,2
magicleap,2
thehiitcoach,2
dimuever,2
bullying,2
pulled,2
weightsmate,2
folders,2
smartphones,2
taiwan,2
mystery,2
amount,2
knew,2
approves,2
reseller,2
tentatively,2
attention,2
showing,2
ovelhanegratv,2
fully,2
reserve,2
adoptions,2
eric,2
eyes,2
operations,2
agreement,2
hundred,2
nineteen,2
seven,2
catchup,2
collapse,2
owner,2
headaches,2
chat,2
dancing,2
slams,2
appleofficialll,2
begins,2
brussels,2
ten,2
ian,2
positions,2
versions,2
counting,2
bidu,2
ntes,2
gifts,2
noticed,2
baller,2
crystal,2
insane,2
rebirth,2
driving,2
mph,2
supporter,2
swansonbirds,2
saw,2
actor,2
hrhound,2
mandogallegos,2
sponsordeal,2
caught,2
enjoy,2
hip,2
krumping,2
passion,2
donorschoose,2
wallstreet,2
franchise,2
downgraded,2
flip,2
bennyc,2
ceos,2
grace,2
jimwinsor,2
kensandiego,2
mistercervantes,2
sdgln,2
java,2
suicide,2
jesse,2
entries,2
ical,2
recurring,2
related,2
struggle,2
colors,2
drone,2
nokia,2
presents,2
countries,2
flyover,2
ones,2
withdrawn,2
freezes,2
kthx,2
wut,2
dream,2
shame,2
focuses,2
ibdinvestors,2
unhappy,2
daulfn,2
view,2
happily,2
yeh,2
discount,2
proud,2
ruining,2
buyers,2
guide,2
balls,2
soo,2
branding,2
usage,2
floridaatlantic,2
rape,2
valuation,2
jacobrossi,2
glitching,2
briannalengy,2
brittbumgarner,2
jessicab,2
blacklivesmatter,2
deserve,2
welcome,2
ave,2
mrushh,2
anon,2
decimated,2
forth,2
garbage,2
fullcircleone,2
thanx,2
belt,2
musicnews,2
wear,2
overnight,2
whathappened,2
wolfinpigscloth,2
tax,2
amanda,2
urself,2
queue,2
mad,2
ability,2
seamlessly,2
edit,2
sendingapple,2
sleep,2
whore,2
clearly,2
smd,2
appleproducts,2
friends,2
apparently,2
cwb,2
instasavvy,2
edwardkb,2
custom,2
criticizes,2
bloombergnews,2
soldering,2
swapping,2
dilemma,2
istores,2
frenemy,2
zuckerbergs,2
bend,2
dire,2
mum,2
overweight,2
jumped,2
soaring,2
moderate,2
chemixcalbieber,2
queencleo,2
johnlegere,2
arndale,2
earlier,2
volume,2
greedy,2
pushing,2
caller,2
suggest,2
ruin,2
tmobileiphone,2
notcool,2
color,2
wozniaks,2
sec,2
viticci,2
glitch,2
marxist,2
themotleyfool,2
wearabletech,2
xbmc,2
outback,2
projects,2
compact,2
quotes,2
caitlin,2
emilymahon,2
bitch,2
styles,2
jimmypasha,2
ima,2
flipping,2
explore,2
techireland,2
dan,2
nathan,2
acted,2
kedrosky,2
unfairly,2
rich,2
covering,2
birthday,2
accessory,2
fabricando,2
shelovesquez,2
types,2
archetype,2
whose,2
lgelectronics,2
transaction,2
removing,2
stephaniekmbc,2
tryna,2
corporation,2
brockandrll,2
bonds,2
act,2
blunderblock,2
allenyork,2
blames,2
excuse,2
appieofflciai,2
claire,2
kass,2
convert,2
mpeg,2
appleholidays,2
gettin,2
slandered,2
flipkart,2
death,2
hurt,2
shortage,2
suzanneboyd,2
hes,2
zoeejanoskians,2
manager,2
doh,2
fixes,2
dell,2
lovers,2
mcdonalds,2
predicted,2
gmail,2
verify,2
rumored,2
beefing,2
dana,2
expertise,2
massie,2
geek,2
lowcost,2
reminiscing,2
alarms,2
testers,2
condoseniors,2
clorox,2
digidaydbs,2
male,2
potato,2
prototype,2
smithandbeta,2
zemanta,2
hated,2
beware,2
justpoetic,2
misfit,2
qqq,2
pioneer,2
coderinheels,2
drblack,2
isabelladegen,2
spots,2
watcgirl,2
wwclondons,2
emmagazine,2
aware,2
shelves,2
johnny,2
sake,2
party,2
login,2
winning,2
thanking,2
discrimination,2
offensive,2
trashcan,2
aaron,2
sorkins,2
sux,2
neil,2
prettynumbers,2
endangering,2
lives,2
manifestation,2
pambesteder,2
blacks,2
actions,2
sjado,2
justinraimondo,2
cocky,2
fruit,2
rule,2
compete,2
democrat,2
animaitoes,2
ifon,2
jas,2
rizalscandal,2
siks,2
lei,2
robin,2
tyniaaaa,2
fml,2
corp,2
remind,2
disqualified,2
fashioned,2
grandma,2
mota,2
killing,2
mango,2
training,2
aaplpm,2
sfbjeditor,2
recruiting,2
pros,2
partnered,2
sma,2
brave,2
cfd,2
menu,2
appleid,2
nailing,2
nomorepaywords,2
yokohama,2
beatselectronics,2
fourpawsuk,2
greenpeace,2
stakeholderengagement,2
thenorthface,2
mathematically,2
threats,2
iamrayuko,2
ecofantasy,2
fin,2
applesnob,1
chews,1
extended,1
individualinvestor,1
expects,1
nobody,1
spanish,1
rocket,1
margins,1
aaplthis,1
bestdesigned,1
peterpham,1
storepretty,1
isync,1
stable,1
dummies,1
factual,1
followers,1
unlocked,1
warning,1
cantlie,1
prisoner,1
checkin,1
upper,1
westside,1
xtra,1
widel,1
aberration,1
momentarilyjust,1
worldaapl,1
edge,1
baemations,1
plugloads,1
amendment,1
retort,1
rwang,1
saxonidubom,1
thanksthinking,1
relevant,1
checkitout,1
counted,1
judges,1
powers,1
separation,1
activities,1
furthermore,1
gov,1
provisions,1
secrecy,1
sedition,1
affect,1
paints,1
timcooks,1
abl,1
precautions,1
bored,1
quailman,1
wagnertim,1
measly,1
mis,1
appsforred,1
csrracing,1
farmville,1
worldaidsday,1
firstworldproblems,1
boy,1
capturescream,1
nocrop,1
ffs,1
vpn,1
briefly,1
dove,1
wsjd,1
draining,1
earn,1
losingfaithinpeople,1
thief,1
aaplmy,1
gilead,1
horsemen,1
scie,1
singing,1
springsteen,1
thatwasbad,1
dept,1
joke,1
killer,1
pursuit,1
wilson,1
tinfoiltricorn,1
algorithms,1
darkpools,1
hft,1
liquidity,1
mails,1
stressing,1
thisnyosemite,1
linkd,1
chanchan,1
gfs,1
shallow,1
jodispicer,1
dominating,1
ibm,1
emphasis,1
tha,1
gramerican,1
pigeonholed,1
rand,1
spreadsomejoy,1
perfome,1
biggerisbetter,1
launching,1
mega,1
chayton,1
chaytonfalke,1
falke,1
trims,1
upped,1
blacked,1
hire,1
opened,1
appleemojissuck,1
baseballbridget,1
tday,1
toricolelli,1
participates,1
played,1
iamgambino,1
gathering,1
sigh,1
duckthanks,1
mikolajczak,1
reuters,1
brwnskinbeauti,1
crowd,1
apart,1
amandazuckerman,1
forward,1
humanity,1
disgrace,1
acid,1
abuse,1
hazard,1
instructed,1
rock,1
aboveavalon,1
benefited,1
repurchases,1
alexcho,1
delayed,1
raising,1
centsability,1
chaptersindigo,1
freemoney,1
miles,1
drawing,1
isaac,1
newton,1
ronald,1
wayne,1
slack,1
acquired,1
bloomberg,1
terminal,1
mother,1
logos,1
ketosis,1
print,1
dremacsamillion,1
gams,1
whosflyy,1
bellabong,1
disney,1
itunesmovies,1
lame,1
starwars,1
iphonesplus,1
malleable,1
metal,1
noticedsomecurve,1
shell,1
doe,1
platforms,1
rendition,1
requirement,1
camp,1
vault,1
tapatio,1
relaunch,1
tesco,1
amateurs,1
ate,1
edits,1
iwantjobsback,1
brokenchargerprobs,1
horrendous,1
houseofcards,1
wks,1
legs,1
benhll,1
sorted,1
motivation,1
hammerarcade,1
rood,1
quentinnield,1
kcdentons,1
salut,1
automation,1
flic,1
hub,1
protocol,1
shortcutlabs,1
smartphonetablet,1
heavy,1
outlook,1
remuuusss,1
anymr,1
politics,1
dowj,1
holy,1
nyse,1
obama,1
automatic,1
rapid,1
trades,1
wiped,1
augmented,1
transparent,1
iphoneproblems,1
synching,1
angusdick,1
holdings,1
maxscottslade,1
screw,1
mockup,1
size,1
ohio,1
negative,1
bbc,1
refused,1
ringer,1
alibabatalk,1
fintechhub,1
microsave,1
race,1
friendz,1
huntin,1
engagement,1
ibeacons,1
neimanmarcus,1
personalization,1
pymnts,1
utilizing,1
hidden,1
dep,1
herewegolakers,1
jamfsoftware,1
presenting,1
aaplpacific,1
applelawsuit,1
backbeat,1
competitive,1
depends,1
earphone,1
dpz,1
ecomchat,1
mcmillanstu,1
telco,1
benzingas,1
losers,1
nem,1
nvax,1
gma,1
jurors,1
appl,1
efficiently,1
esp,1
sorting,1
touchwood,1
zach,1
losskitty,1
thisdueemarco,1
drama,1
dual,1
disadvantage,1
equal,1
equalizer,1
minorities,1
markdown,1
realmac,1
typed,1
writing,1
competes,1
mazeonpace,1
ebb,1
flow,1
dailywedge,1
attempts,1
hail,1
shoes,1
slammed,1
yesterdayyesterday,1
breyer,1
jim,1
googlechrome,1
mhealth,1
mhealthsummit,1
mobiquitys,1
panelist,1
snyderg,1
remotely,1
outsidemagazine,1
itc,1
metadata,1
resubmission,1
applebears,1
appleoptions,1
newer,1
transferring,1
georgetown,1
refurbd,1
refurbs,1
farfetched,1
fundamental,1
capitolization,1
alleged,1
labeling,1
misleading,1
drewbsaunders,1
confusing,1
resolution,1
bustle,1
epaper,1
fes,1
luchanglu,1
announce,1
stays,1
dkusnetzky,1
examples,1
gregsherry,1
southwestair,1
successes,1
halve,1
affluent,1
numbers,1
outspend,1
jokes,1
kalashnikov,1
meaning,1
produce,1
seeks,1
soviet,1
tank,1
damned,1
ide,1
khaleel,1
btc,1
compuserve,1
cautious,1
crus,1
invented,1
peanutbuttersandwich,1
aaplcanaccord,1
attack,1
spiking,1
temperature,1
terrorist,1
zerohedge,1
baitandswitched,1
upgd,1
futuristic,1
upcoming,1
plummet,1
crucial,1
dazzle,1
simulators,1
adoption,1
tokenization,1
monopoly,1
worries,1
dazzler,1
suckers,1
archimage,1
bunch,1
tweeting,1
iad,1
directly,1
isp,1
peering,1
response,1
cashback,1
grandcentralstation,1
avoid,1
antigravity,1
dropproof,1
getagoodcase,1
physics,1
kellyhodgkins,1
macrumors,1
unstanningzarry,1
testifies,1
grades,1
ikr,1
tobc,1
aaplandroid,1
bllshit,1
mostly,1
legal,1
billi,1
aperture,1
compatibility,1
applecom,1
ggwpapple,1
lowfi,1
tips,1
dispute,1
lookalike,1
truth,1
resolve,1
officenerd,1
arguably,1
craig,1
themancbear,1
iphonenews,1
pity,1
timmaliyil,1
passcodes,1
soooo,1
synchronized,1
elmetifi,1
somewhat,1
strikes,1
brcm,1
skyworks,1
supplier,1
swks,1
vti,1
designs,1
visuals,1
aaplstripe,1
fundraising,1
idsa,1
susankare,1
protective,1
quietly,1
banking,1
bitcoin,1
merchants,1
ncrcorporation,1
msnarcissistic,1
agreedhave,1
samjam,1
winter,1
microphone,1
spacious,1
storeystl,1
method,1
casts,1
conspirator,1
sjspencee,1
format,1
kindly,1
listeners,1
assure,1
chargehr,1
latkes,1
chipping,1
irl,1
pleased,1
practitioner,1
tbcoach,1
tweep,1
wyokari,1
uberfacts,1
antidrama,1
charter,1
midnight,1
socialcleanuptuesday,1
explicitly,1
imply,1
tomadler,1
kirkby,1
sometimesboring,1
creating,1
effect,1
employs,1
indirect,1
multiplier,1
trailer,1
finish,1
macworld,1
personal,1
suffer,1
classrooms,1
unseats,1
goods,1
macmall,1
united,1
bubblews,1
misspelled,1
becom,1
itsaventum,1
theaphotic,1
significantly,1
bentkraus,1
worry,1
macmail,1
lawmaker,1
stealing,1
chef,1
executed,1
jonfavreau,1
original,1
reminded,1
moneypress,1
nandos,1
restaurant,1
six,1
ntls,1
regardin,1
tmus,1
advertisement,1
fargo,1
wells,1
effects,1
foxbustv,1
taco,1
mostdesired,1
thedrum,1
steps,1
strategic,1
loyal,1
mobility,1
pilothouse,1
boldstatement,1
cnbcclosingbell,1
newsmintapp,1
neo,1
slowdown,1
courtesy,1
reply,1
sonyuk,1
stayed,1
testify,1
ualdrivr,1
announcement,1
criticized,1
supporters,1
declining,1
sourcekit,1
niggaz,1
single,1
angle,1
freefall,1
lap,1
collaboration,1
doclens,1
ibmbizanalytics,1
mobilefirst,1
external,1
handson,1
mophie,1
powerstation,1
bayarea,1
techies,1
huffposttech,1
petitioning,1
claw,1
raptors,1
infringe,1
copied,1
mrstiffanyanne,1
awareness,1
donate,1
fuckaids,1
aaplis,1
drafts,1
widgets,1
bigdocc,1
griffinnw,1
accurately,1
iglove,1
introducing,1
operate,1
singlehandedly,1
chasing,1
customerexperience,1
timetable,1
lawyerpeteschulte,1
policebodycameras,1
televis,1
mozilla,1
loose,1
lamp,1
lava,1
provide,1
visibility,1
dumbass,1
delenanianeva,1
alert,1
among,1
components,1
etf,1
inflow,1
msft,1
underlying,1
xom,1
cha,1
aaplafterhours,1
evans,1
farms,1
coffee,1
ick,1
iirwanks,1
ruse,1
groupchat,1
muted,1
uhm,1
edward,1
fingers,1
iambrozie,1
length,1
scissorhands,1
fit,1
honda,1
appledeeap,1
signs,1
christ,1
musics,1
problematic,1
ends,1
initiative,1
investigation,1
midst,1
choosewisely,1
womenofhistory,1
itunessupport,1
anneohirsch,1
techcocktail,1
fun,1
television,1
creatively,1
stifled,1
abrick,1
stuck,1
art,1
raul,1
sarahinthiscity,1
supplies,1
bil,1
backlog,1
inbox,1
functional,1
hunters,1
whimsical,1
alibaba,1
car,1
kaitlynpearle,1
nickruz,1
high,1
locked,1
ape,1
beginning,1
cancel,1
applesuport,1
wrongdoing,1
dcferguson,1
greed,1
liberals,1
nifty,1
hotel,1
magically,1
indicate,1
sept,1
speculations,1
royally,1
description,1
dice,1
contentportfolios,1
emulation,1
nintendo,1
recognition,1
sega,1
bea,1
input,1
selecting,1
benedictevans,1
dangainor,1
sfly,1
shutterfly,1
banned,1
bastards,1
memorial,1
statue,1
tribute,1
responsible,1
tripping,1
mkschuster,1
taptotweet,1
claimed,1
ouch,1
peterhewer,1
eggplant,1
implying,1
penis,1
puke,1
roamingwithruth,1
breyythatsmee,1
widely,1
payola,1
reached,1
scheme,1
mozillas,1
opensource,1
opensourceagent,1
withstand,1
autocorrectprobs,1
capitalized,1
tom,1
tommy,1
geniusbar,1
qualify,1
unneccessary,1
idr,1
afterhours,1
bobe,1
headlines,1
agrees,1
blowing,1
auth,1
dickc,1
logjn,1
pmarca,1
yungbaaz,1
barackobama,1
cunt,1
debt,1
donations,1
oprah,1
realdonaldtrump,1
warrenbuffett,1
ahhhhhhh,1
makeitstop,1
punch,1
maverick,1
surfsupsamsung,1
wave,1
gun,1
awdl,1
flashvsarrow,1
givingtuesday,1
goodmore,1
stonersports,1
yearsofsos,1
charges,1
dhh,1
migreyes,1
conquer,1
furstrated,1
overheat,1
ryansconcepts,1
iphoneweak,1
editing,1
fcp,1
nicely,1
dyslexic,1
rejoice,1
fked,1
realised,1
inevitability,1
mchp,1
stuffsg,1
fyi,1
aapldont,1
confuse,1
decreasing,1
weighting,1
pyalot,1
diag,1
ticket,1
default,1
festivals,1
repairs,1
incensing,1
irrelevant,1
playin,1
dawned,1
frayed,1
req,1
supports,1
payout,1
plunge,1
swoon,1
switchtolumia,1
halts,1
seizes,1
comscore,1
epro,1
alarmthatdidntgooff,1
disrespectful,1
accounted,1
crackedscreens,1
impress,1
annoyingly,1
interpreted,1
crushes,1
caderageous,1
diy,1
bulky,1
esf,1
experiment,1
index,1
spx,1
xlk,1
dma,1
observation,1
tested,1
jacks,1
safest,1
timelike,1
area,1
bay,1
courtroom,1
replay,1
competitors,1
smear,1
liking,1
disconnected,1
scrap,1
snarky,1
housingits,1
paek,1
retaileraapl,1
tol,1
consumerfeed,1
squeeze,1
fairly,1
applinsider,1
butterfingers,1
partner,1
stripe,1
boots,1
repeatinghelp,1
shutting,1
stripes,1
booting,1
darnit,1
agai,1
spending,1
authority,1
creative,1
hatch,1
orrin,1
senator,1
trip,1
washington,1
nvram,1
previously,1
weve,1
presses,1
sscomposer,1
lanes,1
briannaurie,1
bump,1
butt,1
extension,1
cell,1
scared,1
yotaphone,1
aimaindia,1
amanet,1
doctors,1
healthcare,1
karthikpmo,1
mmau,1
opinions,1
vrias,1
jokigenki,1
canada,1
disgruntled,1
express,1
irritating,1
lowkey,1
outta,1
tks,1
deterioates,1
alzaabi,1
irapecouches,1
sydneya,1
lanacarine,1
carstensen,1
peter,1
wisconsinlaw,1
buyer,1
corning,1
glw,1
harvard,1
hbs,1
beif,1
dow,1
sarc,1
adobe,1
ang,1
baxleyglass,1
belongs,1
employeediscount,1
wdtuts,1
amazonfiretv,1
surpasses,1
kirkyuhnke,1
applefeedsfoxbusinesscomrfoxbusinessvideodbuiomm,1
recalled,1
deviceslearn,1
mobiledose,1
reflex,1
sethlouey,1
trishs,1
fees,1
hpq,1
licensing,1
limit,1
qualcomm,1
pinkscreenofdeath,1
investigates,1
programme,1
cave,1
engines,1
openup,1
applersscnncomrrssmoneylatestnpscmqwlindexhtml,1
invitation,1
direct,1
speed,1
timcooktherealjonyive,1
grabs,1
beige,1
benz,1
mercedes,1
mercedesbenz,1
tan,1
origins,1
approach,1
ggheorghiu,1
mhmcquistons,1
digitalhealth,1
heavyhitting,1
mobihealthnews,1
muhfugs,1
providesell,1
uhreading,1
complains,1
zero,1
foldable,1
kenneth,1
hank,1
montht,1
braid,1
hcub,1
trickle,1
vincekuraitis,1
pegraton,1
booted,1
discreet,1
drycomposites,1
greatness,1
morestop,1
suppress,1
tayleanne,1
esata,1
eschewed,1
inception,1
turdbolt,1
angeles,1
los,1
purchases,1
raid,1
suspends,1
recourse,1
agenda,1
gays,1
lefts,1
multitalented,1
supersuccessful,1
forum,1
matthew,1
neville,1
shifting,1
leiahemilyy,1
aapls,1
badadmiral,1
management,1
nanexllc,1
cafÌ©,1
frequent,1
groove,1
shady,1
techie,1
yeay,1
pricetarget,1
rises,1
sorti,1
biignition,1
hblodget,1
prcelines,1
turnaround,1
oddly,1
uplifting,1
anyhow,1
vid,1
downgrades,1
shagale,1
whyd,1
dispensers,1
staplers,1
centermass,1
uspto,1
bonerforesst,1
preventing,1
pegatron,1
earpiece,1
crescentgate,1
town,1
admire,1
culture,1
mainly,1
qdigital,1
karen,1
abillaut,1
daytona,1
bullish,1
julian,1
robertson,1
whyamihavingtomakegeniusbarappointmentsalready,1
accessability,1
horific,1
hrs,1
syncing,1
interfaces,1
pains,1
ipster,1
wrist,1
bestbuysupport,1
overrided,1
powerbeats,1
helpif,1
sapphire,1
shiny,1
goddamn,1
justsayin,1
evilhag,1
chartoftheday,1
chayiltrading,1
companyfeedsfoxbusinesscomrfoxbusinessvideoriihwvgfla,1
premier,1
coltonobrian,1
activation,1
airdrop,1
kills,1
rong,1
hole,1
continuity,1
developed,1
ielisten,1
amazingly,1
gate,1
srsly,1
flyingdevstudio,1
hands,1
infiniteflight,1
assume,1
nfc,1
known,1
rage,1
healthy,1
understands,1
jury,1
lausd,1
leadershipfederal,1
pearson,1
subpoenaed,1
lausds,1
scandal,1
winner,1
accessorymaynotbesupported,1
dax,1
tore,1
canal,1
cmonman,1
knockoff,1
ancient,1
infringing,1
intellectualproperty,1
pager,1
pgsip,1
surewhy,1
fnd,1
netbot,1
giantsized,1
heynyla,1
nature,1
sampepper,1
controller,1
dvd,1
pdbogen,1
convinced,1
cio,1
detainment,1
organizerstwin,1
walmartstrikers,1
carpages,1
requires,1
apigee,1
bridging,1
header,1
import,1
objectivec,1
apols,1
limfestival,1
lolol,1
varied,1
desktop,1
shockingly,1
sayin,1
technicalchart,1
ust,1
remotesupport,1
techlife,1
forbestech,1
investmentbut,1
kys,1
blogsbytes,1
borrowed,1
hshdsh,1
stole,1
cafepress,1
communication,1
computing,1
futter,1
mein,1
melasdesign,1
tough,1
stream,1
yeari,1
carefully,1
mediapost,1
dmcgroarty,1
metalbanker,1
rareearths,1
aapldexcom,1
gregg,1
terry,1
ytd,1
pathetic,1
chromebook,1
schoology,1
techy,1
libraries,1
poli,1
sci,1
founda,1
svbizjournal,1
dontask,1
madrid,1
newtoy,1
fcbliam,1
asshole,1
faved,1
location,1
yalls,1
complain,1
eggfreezing,1
engineers,1
female,1
gernieb,1
womenintech,1
bookbook,1
catalog,1
baby,1
airquotes,1
ports,1
toycomputer,1
aaple,1
dps,1
ohai,1
welove,1
zoebread,1
boycott,1
forever,1
devils,1
hung,1
iphoneissues,1
realnetworks,1
unlvgirl,1
luv,1
resources,1
condescending,1
captive,1
maddening,1
reappearing,1
naugtae,1
boommovement,1
monarchywpb,1
rhyot,1
ride,1
pennsylvania,1
runs,1
worldlook,1
preference,1
preferences,1
syncdefaultsd,1
cutandpaste,1
completed,1
library,1
uploadedhow,1
andrewdmilam,1
greeted,1
hooked,1
cheaper,1
cuz,1
lose,1
degrees,1
weather,1
knowledge,1
pwilke,1
ughhhh,1
demonstrate,1
farreaching,1
representative,1
clicking,1
shake,1
messup,1
otter,1
gravitydefying,1
shuevey,1
nintype,1
patrickpaltrow,1
attached,1
demographic,1
dictionary,1
incompetence,1
synonyms,1
avatrade,1
weewiii,1
gcipad,1
makeover,1
piss,1
fkn,1
lecture,1
tuition,1
artwork,1
taylor,1
brycehendersonn,1
gameinformer,1
gamergate,1
ign,1
machinima,1
megaherts,1
tbjapodcast,1
laurva,1
trim,1
weight,1
gelato,1
assistant,1
agiletortoise,1
deniability,1
draftsapp,1
greg,1
inconsistent,1
plausible,1
driven,1
gorilla,1
abciview,1
attachment,1
frankellyabc,1
mikecarlton,1
walkleys,1
lum,1
definition,1
dunsapple,1
warped,1
rise,1
grqvity,1
reorient,1
saphire,1
producing,1
tangle,1
predictive,1
programing,1
portland,1
rollout,1
rally,1
struggling,1
fags,1
thnx,1
investwall,1
reutersbiz,1
crapcable,1
err,1
smug,1
chocolate,1
guard,1
dece,1
faqs,1
harveystahoe,1
edvones,1
sir,1
themappleporkies,1
dey,1
pillwtalk,1
slackin,1
smiiingbarakat,1
issuers,1
lampn,1
mampt,1
greatcompany,1
workin,1
soslow,1
cynic,1
bicontributors,1
hike,1
bent,1
traded,1
walked,1
torrentapple,1
arid,1
desert,1
frozen,1
wasteland,1
foxbusiness,1
johnspallanzani,1
mariabartiromo,1
mblockrhino,1
openingbellfbn,1
aaaron,1
adroll,1
iads,1
insanely,1
isheep,1
central,1
onthisdayindigital,1
searching,1
bgpublic,1
elsewhere,1
synced,1
greatservice,1
sylvester,1
applications,1
elaborate,1
australian,1
ipaustralia,1
refusal,1
upheld,1
primary,1
hesitant,1
initially,1
afternoon,1
rewards,1
tea,1
touchpoint,1
thisiswhypeoplegetmurdered,1
ichat,1
messaging,1
webpage,1
creditcare,1
poorcustomerservice,1
prodhad,1
syfnews,1
undestand,1
whatyearisit,1
inderstweet,1
soared,1
salt,1
shaker,1
purpose,1
upi,1
whatsapp,1
briantong,1
aapljohn,1
pans,1
rate,1
flips,1
emailed,1
everytime,1
miniheartattack,1
receipt,1
lovingit,1
admires,1
shorting,1
avago,1
hint,1
mapple,1
edn,1
domt,1
econsumerism,1
enigma,1
gigaom,1
peroquemorro,1
grabbing,1
kick,1
moldy,1
disgusted,1
falseadvertising,1
nono,1
caviar,1
jgreerthaatruth,1
suggests,1
unlikely,1
jugatti,1
cuhz,1
outro,1
uphave,1
anderson,1
informationweek,1
julie,1
bday,1
casestudy,1
checkout,1
econsultancy,1
journey,1
cream,1
ice,1
jawn,1
scooped,1
arranging,1
wherever,1
couple,1
shittychargers,1
shucks,1
wouldve,1
promotion,1
spotify,1
subscription,1
suburban,1
tokyo,1
jmroubinek,1
firstever,1
emanon,1
pcaudiolabs,1
execs,1
kid,1
basketball,1
girls,1
noli,1
quirk,1
reappears,1
stuffit,1
trademarks,1
trapping,1
annual,1
drizzled,1
jobspring,1
lands,1
aaplshould,1
htcone,1
selfie,1
switched,1
slawfr,1
airport,1
boarding,1
scanner,1
achievement,1
plusa,1
reboots,1
xday,1
blackdollarsmatter,1
equalitycivil,1
letter,1
lgbtq,1
marriage,1
rights,1
alharding,1
huffpostgay,1
unique,1
crescentgategate,1
aino,1
daaam,1
daninicolexo,1
giirrl,1
glazz,1
goreella,1
meeeeean,1
monkee,1
whatchoo,1
bdsm,1
themed,1
todaycharger,1
applenews,1
jquery,1
queryselectorall,1
tests,1
investorplace,1
unbreakable,1
compensation,1
conspiracy,1
disneypixar,1
overarching,1
worker,1
ooh,1
meeee,1
pleaseeeeeeeeee,1
protozsay,1
flyinggggg,1
keeeppppp,1
lmaoo,1
jksontheradio,1
legit,1
pic,1
hahha,1
flop,1
babyyyss,1
hug,1
beautiful,1
moved,1
naming,1
verenasu,1
dpan,1
aaplsamsung,1
benzinga,1
poach,1
takethis,1
weeek,1
awsome,1
coloradolovesyou,1
along,1
cup,1
stockcharts,1
appleaddict,1
paris,1
jeremyenigk,1
kesharose,1
layitonme,1
rihanna,1
picture,1
famous,1
policies,1
aternityinc,1
ciolosangeles,1
ciosynergy,1
tvs,1
zensar,1
casual,1
republicanpriv,1
guardian,1
minuum,1
treat,1
remote,1
tag,1
cig,1
cop,1
senseless,1
train,1
pair,1
usaudiotechnica,1
theiphonews,1
busted,1
sites,1
stilllawsuit,1
throwbackpop,1
basics,1
introduction,1
onehour,1
light,1
puzzle,1
wwdc,1
dashboard,1
fck,1
morrisjordan,1
braintree,1
dash,1
paywithdash,1
intels,1
keys,1
aaplavago,1
skyrocketed,1
carrier,1
mattz,1
drink,1
verified,1
dissertating,1
finished,1
seeds,1
rollingstone,1
bradstone,1
certainly,1
leadinginlocal,1
tabletsphones,1
dawnc,1
ahoy,1
backend,1
itunesconnect,1
slap,1
vague,1
com,1
dot,1
hyped,1
moms,1
successfully,1
otterbox,1
barapple,1
comp,1
helped,1
wking,1
atari,1
included,1
powerpoint,1
autocorrected,1
beiber,1
spark,1
angelayake,1
dance,1
costing,1
metaphor,1
movement,1
dates,1
horseshit,1
chips,1
processors,1
rem,1
aww,1
luck,1
appletvs,1
park,1
tahoes,1
blondes,1
lemme,1
kellyhclay,1
nordstrom,1
replaces,1
veriphone,1
cotus,1
dizzydoings,1
kibs,1
motusoperandi,1
potus,1
scotus,1
shorts,1
smell,1
applesetsthetrend,1
funny,1
sctratched,1
bradpaisley,1
juji,1
oops,1
stephanies,1
esteelauder,1
katespadeny,1
ralphlauren,1
wishlist,1
customerserviceexperience,1
handles,1
aaplbuzzfeed,1
codygotms,1
macos,1
hacked,1
tear,1
disabled,1
kaminablue,1
mailonline,1
mixbreedlexie,1
applelive,1
fingerscrossed,1
circles,1
verizonsupport,1
monngonn,1
absolute,1
ifail,1
discovered,1
dooms,1
masters,1
muse,1
technologically,1
technologybased,1
mistakes,1
wierd,1
djkevinhayes,1
erases,1
digs,1
whack,1
lupefiasco,1
logicprox,1
stepinputkeyboard,1
tutorial,1
yeagerbeats,1
otterboxes,1
concentrated,1
maximally,1
ace,1
attributed,1
jimmyfallon,1
jimmyfallons,1
uses,1
vocal,1
thanksobama,1
kate,1
changein,1
leaning,1
makeup,1
societys,1
concerns,1
pocs,1
chngli,1
fed,1
ipodnano,1
mustbuy,1
outfit,1
coders,1
france,1
nale,1
parable,1
splice,1
swear,1
fuckshit,1
ceva,1
destroyed,1
scuba,1
axis,1
labels,1
thinkdifferent,1
viable,1
peterjmsimons,1
techfaq,1
monetizaton,1
watchkit,1
sadly,1
discussions,1
dreams,1
etnui,1
realworld,1
spin,1
guessing,1
illiterate,1
mequit,1
cardboard,1
degree,1
gamed,1
imask,1
iscuba,1
padi,1
pivot,1
rig,1
underwaterwearables,1
likewatchingpaintdry,1
een,1
legendarische,1
mythe,1
recorded,1
dis,1
eee,1
lool,1
wetin,1
fly,1
pilot,1
graph,1
bigblindz,1
cake,1
hmmmmm,1
disappears,1
steviebuckley,1
strange,1
aaplwatch,1
nasdaqaapl,1
nys,1
nyset,1
pandora,1
yrs,1
imcatnoone,1
gut,1
legacy,1
tries,1
uncool,1
normally,1
violating,1
drakecraytel,1
recall,1
universal,1
eddycue,1
genuine,1
proceed,1
billions,1
dirty,1
shadow,1
delays,1
iphon,1
lghtc,1
qualcomms,1
snapdragon,1
suffering,1
aham,1
igyaan,1
cheek,1
ohhshit,1
shock,1
inbot,1
finalcutproes,1
macnificos,1
noctylux,1
refurwhat,1
award,1
looms,1
sub,1
resellers,1
ajg,1
bankofamerica,1
anticompetition,1
represents,1
whoops,1
decipher,1
isitme,1
brookskraftfoto,1
decorations,1
photographing,1
artsboston,1
russell,1
bets,1
hedging,1
defendants,1
tomlindberg,1
bostonholiday,1
urbannutcrackers,1
gbp,1
unhappycustomer,1
processed,1
theyve,1
retrieve,1
textmessage,1
theatre,1
alignment,1
belgian,1
holidaythemed,1
radio,1
stations,1
ball,1
curve,1
lastminute,1
throws,1
warren,1
attn,1
pkafka,1
applestorecoventgarden,1
ariel,1
aryabhatta,1
bhaskara,1
explorer,1
insata,1
sanmarco,1
satellites,1
sputnik,1
alttab,1
grrrr,1
usability,1
belgium,1
distinguished,1
regiscollegema,1
became,1
greenest,1
newsweek,1
hannahrad,1
snacks,1
kymlang,1
basket,1
eggs,1
assembly,1
foxconn,1
proving,1
unsuitable,1
gayrights,1
theinquisitr,1
bestseller,1
apt,1
budget,1
areas,1
barclayswealth,1
begin,1
gunnavowel,1
linda,1
narcwars,1
ncis,1
sauce,1
tgowdysc,1
thic,1
ton,1
bite,1
resisting,1
ajhontucan,1
cardio,1
existing,1
charlesjmeyer,1
deletegame,1
hasnt,1
eft,1
howcoolisthat,1
orion,1
reenter,1
cageyjames,1
yahoonews,1
aaploutside,1
backed,1
backups,1
saves,1
nontravelling,1
alarming,1
fray,1
monitor,1
parents,1
dinner,1
engineeringdesign,1
apsvirginia,1
behalf,1
disabilities,1
cindy,1
lou,1
whoville,1
xmas,1
chief,1
aiming,1
middecember,1
panerabread,1
americamerrill,1
coolclimate,1
delectable,1
fav,1
mattnwells,1
merlots,1
traits,1
anal,1
mosttttt,1
fundulz,1
oracle,1
roster,1
startcom,1
deletearchive,1
swiping,1
unsubscribe,1
appleturkey,1
comics,1
dccomics,1
squad,1
jacksons,1
rainbowpush,1
amnt,1
howwhy,1
undo,1
watched,1
individualizing,1
spite,1
sucking,1
environment,1
leaving,1
gva,1
ipxs,1
lounge,1
sight,1
undetermined,1
rhdrum,1
consulting,1
hayman,1
umich,1
embroi,1
dltr,1
thi,1
allandthompson,1
explode,1
virus,1
cared,1
ravimikkelsen,1
showtimes,1
acura,1
carpet,1
fooling,1
magic,1
sophian,1
era,1
fearmongering,1
vendors,1
latism,1
aaplubs,1
wonderfull,1
bath,1
calemcmartin,1
crisp,1
honey,1
indian,1
larger,1
amba,1
grmn,1
ibdnews,1
invn,1
nke,1
wearabledevices,1
lappy,1
attach,1
cardpaypalgift,1
cred,1
wout,1
decent,1
everafter,1
unix,1
attract,1
cheery,1
kaspersky,1
emojimakers,1
fangirls,1
paintfootball,1
billionaires,1
bringing,1
unexpected,1
tracks,1
eats,1
resource,1
americanexpress,1
holders,1
opted,1
promotions,1
markzuckerberg,1
jamelia,1
mentioned,1
preorder,1
senisbs,1
frid,1
humble,1
aaplwhy,1
taraluv,1
article,1
reliable,1
talents,1
bocaraton,1
fau,1
fauathletics,1
faustadium,1
floridaa,1
howif,1
resolved,1
brandivatemktg,1
cures,1
evils,1
integrity,1
aaplpale,1
hoarse,1
videotaped,1
embarrassed,1
ohone,1
yhis,1
likes,1
rank,1
ubers,1
quicker,1
fork,1
roadmapscome,1
crimped,1
evening,1
relations,1
isee,1
jdelaneyxo,1
nerdup,1
dontupdateitunes,1
thatb,1
lover,1
aapltaser,1
body,1
tripling,1
ericgarnet,1
icantbreath,1
mikebrown,1
silence,1
checked,1
disguised,1
slippery,1
soap,1
factor,1
ultimate,1
blacklivesmatters,1
appadvice,1
usemuzli,1
ernestszoka,1
superstoked,1
thisstopstoday,1
duly,1
eliransapir,1
noted,1
danielllebaker,1
wwa,1
gravitational,1
shocked,1
sums,1
bwuf,1
dislike,1
fanaticism,1
honest,1
inceased,1
mouse,1
letmecreate,1
dang,1
disappoint,1
crashed,1
tabs,1
coffees,1
kronykal,1
pleaaaase,1
fashionshowmakl,1
men,1
metzzler,1
drarik,1
humanrights,1
interviewno,1
specialist,1
teachers,1
avenue,1
fifth,1
thave,1
wecantbreathe,1
appreciate,1
cinna,1
cyndi,1
lauper,1
rockefeller,1
cgk,1
fergusonnyc,1
peeling,1
silicone,1
aviate,1
customization,1
themes,1
crapple,1
chantalireland,1
slab,1
iosissues,1
iosproblems,1
therealjonyive,1
defect,1
scratches,1
beauty,1
sleeping,1
heating,1
rlly,1
sos,1
probly,1
suits,1
crowds,1
lie,1
organized,1
duck,1
laryngitis,1
lasagna,1
mixed,1
yooo,1
arbitrary,1
uspurchased,1
jamisonfoser,1
didng,1
fucjing,1
afp,1
aussies,1
evaders,1
pushback,1
requests,1
ripping,1
warrant,1
zdnetaustralia,1
lawyer,1
courts,1
lukesmut,1
jmanjlb,1
san,1
daviddavidw,1
locks,1
preordered,1
tehhgoat,1
biased,1
favorites,1
kardashian,1
khloe,1
paisleysmithh,1
axolrose,1
fab,1
aaplcorrupt,1
claiming,1
dampness,1
raiders,1
weeksampapple,1
favor,1
fucker,1
hoe,1
jimmymujaj,1
multiply,1
hostile,1
employers,1
indemand,1
linkedin,1
unilever,1
bumrushed,1
hundreds,1
yellow,1
dustynmichael,1
configuration,1
frustrated,1
outgoing,1
smtp,1
unsuccessfully,1
abbeyivey,1
itsblaney,1
posthumous,1
victim,1
lawkitson,1
example,1
innovate,1
briankardell,1
kept,1
cia,1
deptofdefense,1
dhsgov,1
koreas,1
north,1
secretservice,1
spies,1
usnato,1
appletweets,1
guaranteed,1
plant,1
seed,1
supercheap,1
illogikal,1
gahongkong,1
hks,1
instagrammers,1
panel,1
ccnimbu,1
jethromullen,1
lielaineyl,1
liu,1
vivien,1
albums,1
illegal,1
saylike,1
titianfight,1
sanfrancisco,1
critic,1
speculation,1
tomac,1
amctheatres,1
sits,1
iron,1
watcha,1
bloody,1
installations,1
over,1
muchtech,1
mdlla,1
congress,1
reform,1
footing,1
pivoting,1
regain,1
arrows,1
everlovin,1
navigate,1
nomoreapple,1
reception,1
lady,1
regentsstreet,1
saver,1
froze,1
deet,1
luddite,1
rebel,1
allisonsalz,1
timesofindia,1
annoys,1
barrrymitchell,1
alreadt,1
boysquotations,1
giveawaylphone,1
won,1
specu,1
connections,1
disappeared,1
interruptus,1
net,1
accidentally,1
unread,1
funconvo,1
avoided,1
starservice,1
hurts,1
lanadelreystan,1
sweet,1
sovereignbankus,1
vacations,1
taped,1
helpplease,1
lots,1
harddrive,1
homework,1
candidates,1
nflx,1
northmantrader,1
parabolic,1
pcln,1
complaint,1
restored,1
adjust,1
modicumofprudence,1
onlinefootprint,1
fans,1
scramble,1
sons,1
wemo,1
basic,1
gas,1
groceries,1
mcdonaldscorp,1
necessities,1
cantgoback,1
clunky,1
misssnowleopard,1
approvals,1
inapp,1
moneylosing,1
wearsy,1
cellular,1
tmobileapple,1
installing,1
regret,1
aaronpaul,1
yobitch,1
icymi,1
supposed,1
demonstrations,1
ins,1
staged,1
thinkbeforeyoubuy,1
bmrtg,1
btrtg,1
snrtg,1
oneplus,1
hypedtunes,1
incl,1
deviceon,1
forgot,1
michaelstephen,1
throughout,1
angry,1
hurr,1
keelzy,1
beyoncÌ©,1
spelling,1
esquire,1
esquiremini,1
harman,1
harmankardon,1
kardon,1
speakerphone,1
brightness,1
dimmers,1
hungover,1
inventing,1
otherwise,1
addition,1
gameofwar,1
kateupton,1
nonexistent,1
wired,1
icon,1
onto,1
eliminate,1
payitsafe,1
geez,1
january,1
postpone,1
goodjob,1
bethesda,1
bhphotovideo,1
hposner,1
championship,1
nerd,1
typicaistoner,1
equality,1
equalityalabama,1
electrical,1
jony,1
eyesight,1
zdarsky,1
extensions,1
lighten,1
consolidation,1
fragmenting,1
began,1
fireatwill,1
smoking,1
arrest,1
dupes,1
encourages,1
nbcnewyork,1
nypdcommaffairs,1
pantsupdontloot,1
trespass,1
earpodstm,1
twist,1
dipshits,1
monthd,1
hiiamaaron,1
canadian,1
icreep,1
kashka,1
youkantfindme,1
gen,1
jailbroken,1
sportsadults,1
untethered,1
itsashleyperez,1
obsession,1
ahahahah,1
child,1
ghetto,1
youuu,1
applesantamonica,1
exciting,1
jojoxsweat,1
necks,1
personally,1
dent,1
nevbackwoods,1
movs,1
quicktime,1
swiftaddiction,1
webpages,1
markzuckerbergf,1
sparring,1
combine,1
efforts,1
solid,1
worthless,1
anna,1
walking,1
byke,1
rayalexander,1
aaplipad,1
xperia,1
cancer,1
ldawashington,1
companytagged,1
atheist,1
communist,1
washed,1
dowmload,1
simpsons,1
wifegoingtosleep,1
yassssss,1
racist,1
yungshamwow,1
dog,1
bunkbed,1
explained,1
workaround,1
fucka,1
infested,1
hatw,1
lucys,1
terrifying,1
checks,1
hikes,1
analyzing,1
secusmart,1
affiliated,1
appiegivevvay,1
fuc,1
reversed,1
inspiring,1
smash,1
invention,1
smashing,1
stops,1
hahahaha,1
itnewsau,1
trademarked,1
eight,1
unwanted,1
jabs,1
pricey,1
totterdells,1
cloned,1
ideasappieofflciai,1
festival,1
london,1
capitalist,1
grants,1
uis,1
perk,1
celebration,1
funfun,1
nightspost,1
rfrancoben,1
roccckkkssss,1
satanoppa,1
yeeaaayyyawesome,1
aaplcheck,1
accumulating,1
particular,1
sporadically,1
sponsored,1
yogscast,1
yogscastsjin,1
supported,1
fintech,1
master,1
moven,1
nonbanks,1
stevedenning,1
venmo,1
door,1
cybersecurity,1
insight,1
foot,1
inequality,1
aht,1
module,1
yosimite,1
discontinued,1
crmsuite,1
lab,1
nationally,1
stem,1
covert,1
flac,1
applei,1
galengering,1
reminding,1
getlolo,1
bec,1
realise,1
aaplhas,1
dmv,1
pipes,1
brings,1
electronics,1
bmoneyslamdog,1
drives,1
nuts,1
classes,1
allincognito,1
dualsim,1
travelling,1
happend,1
sammcmanusss,1
depriving,1
jams,1
odd,1
readd,1
figuring,1
honored,1
longtermlarry,1
easily,1
elitist,1
toy,1
versus,1
intuitive,1
panzer,1
applefail,1
letters,1
overheard,1
item,1
starts,1
tweaking,1
hyperextended,1
reaching,1
thestruggleisreal,1
thumb,1
distinguishes,1
follower,1
pebble,1
club,1
gordiestewart,1
amymc,1
christiesinc,1
computerhistory,1
footage,1
consumes,1
pausing,1
indicators,1
kurtwagner,1
unveils,1
waltmossberg,1
backtofront,1
lettering,1
gullible,1
jumps,1
etsy,1
overtime,1
postman,1
section,1
stopping,1
technologyis,1
undesirable,1
artist,1
bumped,1
nicolemoudaber,1
posts,1
ways,1
yahootech,1
danjo,1
sensor,1
smashbc,1
motor,1
ratio,1
senses,1
tweeks,1
wishes,1
offffff,1
kapelianis,1
postelection,1
motors,1
steam,1
lisapjackson,1
recycling,1
stats,1
knowing,1
refuses,1
wafwoft,1
graphic,1
thomasaugusto,1
imaginable,1
judiciously,1
listed,1
neglects,1
virtually,1
podcasts,1
aaplbuzz,1
delias,1
iflipphone,1
nydailynews,1
samsock,1
donating,1
portion,1
appleaid,1
dial,1
insteadwhataconcept,1
textinghow,1
microchips,1
pill,1
singapore,1
mrtomeoni,1
robinatc,1
smile,1
aaplexchange,1
passport,1
load,1
ayo,1
slid,1
mobiggaa,1
evolution,1
brandiglanville,1
fricking,1
kodam,1
googling,1
ikerscasillas,1
mins,1
snap,1
txts,1
texting,1
bln,1
litigati,1
penalty,1
bat,1
hmm,1
signal,1
flickerflash,1
swipe,1
ibookstore,1
lowest,1
drug,1
reject,1
micromaxmobile,1
onlinegaming,1
wowen,1
imovie,1
project,1
screws,1
cons,1
acct,1
drdre,1
earplugs,1
soundplugs,1
cvshealth,1
wbleachersmusic,1
wellsfargo,1
notifying,1
psycho,1
landscapetwitter,1
gadget,1
geekcentric,1
positioning,1
aaplcorporate,1
cehajek,1
ellyeah,1
liiiiife,1
ohhh,1
vine,1
yeaaaaah,1
comet,1
corporations,1
firmly,1
justnotabumfluffbohemian,1
mosthated,1
reasserting,1
applephania,1
ginza,1
photography,1
dam,1
hav,1
argh,1
log,1
bucks,1
disc,1
tcp,1
assholes,1
fuuuuccckkkk,1
presence,1
towns,1
aaplnas,1
agl,1
agllse,1
fbunzx,1
ireasx,1
iressdata,1
pbenzx,1
sabjse,1
equip,1
macbooks,1
mobileoffice,1
reader,1
sims,1
userstory,1
juicypotato,1
tbh,1
jaureganoo,1
pitchforks,1
riot,1
utunes,1
doin,1
applewatches,1
manage,1
pants,1
poorest,1
wringe,1
yaaass,1
autocorrectfail,1
gmacpro,1
yungjoseg,1
bigappshoppingdays,1
ditch,1
tomtom,1
cry,1
nationwide,1
publish,1
category,1
hanging,1
mainenitin,1
snowbirds,1
sometime,1
doubled,1
flush,1
lens,1
sturdier,1
thicker,1
stress,1
honors,1
pixelmator,1
bonked,1
screaming,1
ear,1
kickbacks,1
leak,1
ideology,1
stinking,1
expectations,1
export,1
nov,1
wea,1
manually,1
brought,1
chicfilet,1
mug,1
talksabsolutely,1
asian,1
leaking,1
alle,1
omd,1
hlpstaluke,1
stepped,1
fined,1
ahhhh,1
madridxanadu,1
march,1
unfulfilled,1
impaired,1
inawe,1
inspiration,1
visually,1
welldone,1
techsupport,1
fore,1
forced,1
rethink,1
surges,1
pricks,1
brandfuel,1
aaplsell,1
cars,1
chinasupercharged,1
multifolds,1
suvs,1
flashing,1
behavior,1
ordering,1
reps,1
cooperation,1
mike,1
sponsorship,1
swatch,1
uncle,1
soros,1
undertheradar,1
diff,1
minus,1
woke,1
shoppers,1
victoriassecret,1
fill,1
opens,1
prev,1
slide,1
describes,1
earliest,1
restarting,1
dayoffduties,1
headed,1
jeffstaple,1
listing,1
edgf,1
horvath,1
jane,1
wildin,1
steadily,1
restarted,1
smileforgoogle,1
yknow,1
onlyme,1
branded,1
mitrebox,1
vidfall,1
vidfallauction,1
conputer,1
awakens,1
kayhlogan,1
void,1
hedge,1
assigned,1
morningstar,1
painfully,1
testflightapp,1
basis,1
bright,1
musks,1
permanent,1
talent,1
telsa,1
folk,1
subject,1
thepcdoc,1
lockouts,1
resets,1
crush,1
mydigitalcoco,1
acting,1
factory,1
reinstalled,1
wonky,1
boosts,1
aaplknicks,1
jets,1
sports,1
googlemusic,1
unsubsidized,1
nicwill,1
macintosh,1
peak,1
sequoia,1
surely,1
knock,1
naked,1
appleproblems,1
appleprobs,1
fetching,1
abt,1
dellcares,1
dellhell,1
lemon,1
regretting,1
savings,1
sforsimrat,1
condo,1
dedicated,1
warrants,1
priceless,1
surprises,1
chain,1
hnhd,1
performance,1
terms,1
cookery,1
listings,1
customerforlife,1
exchanging,1
outstanding,1
row,1
memer,1
nigxnog,1
punk,1
aaplglu,1
buys,1
gluu,1
predecessor,1
debunking,1
yesh,1
unstoppable,1
gameoftheyear,1
dips,1
recommend,1
scarlettsinatra,1
avoiding,1
bulls,1
citis,1
optimism,1
tvad,1
gwenstefani,1
starring,1
pulsepointbuzz,1
acrossthebartv,1
bethesdarow,1
brandon,1
jenna,1
conclusion,1
durability,1
longreads,1
webdesign,1
grip,1
taxes,1
cares,1
false,1
prophetsi,1
granitewinger,1
iphonemini,1
zacksresearch,1
computerscience,1
horrible,1
packaging,1
archive,1
controls,1
inconsistency,1
overall,1
weirdness,1
cooperating,1
tryng,1
blogs,1
tale,1
refund,1
upload,1
willliamlemar,1
additional,1
blown,1
shattered,1
overvalued,1
symptom,1
justinbieber,1
silent,1
nominated,1
fuss,1
topped,1
standing,1
legends,1
troll,1
ihcfo,1
cooke,1
hits,1
nail,1
chevron,1
mondays,1
sealed,1
daring,1
fireball,1
transmit,1
jasonhiner,1
takeaways,1
factcheckthis,1
moronwatch,1
snopes,1
drum,1
drummer,1
proaudio,1
realistic,1
songlength,1
grant,1
selected,1
expansion,1
gnomes,1
goblins,1
hearthstone,1
bridgetconnell,1
ahem,1
alot,1
drums,1
hearin,1
speaker,1
nvm,1
deep,1
aaplsee,1
cbchomestretch,1
desk,1
luckily,1
nearby,1
entry,1
providing,1
brettgilmour,1
carmilevy,1
interview,1
ewwwwww,1
grief,1
gross,1
offense,1
rap,1
song,1
sucky,1
jarring,1
livepropellerhead,1
mixcraft,1
reasonreaper,1
sonar,1
xableton,1
ghz,1
magsafe,1
ssd,1
applepricetargets,1
applestock,1
citi,1
plummeting,1
cantbelieveitsgone,1
classicipod,1
achilles,1
passwd,1
abck,1
port,1
jimmyiovine,1
therefore,1
undeserved,1
uasm,1
kissmyass,1
talkback,1
colddimsum,1
girl,1
daycomplete,1
digging,1
newphone,1
pappajohns,1
hatemusic,1
hatespeech,1
whitepower,1
fastcoexist,1
dcurtis,1
defending,1
hah,1
levifig,1
mattgarber,1
dime,1
template,1
saigeist,1
optionsfeed,1
gxldblvnts,1
swype,1
asus,1
excellence,1
laggy,1
recentrates,1
metallic,1
vrich,1
natalie,1
portman,1
celebrates,1
verso,1
answers,1
oovoo,1
armitagina,1
ibdblogs,1
buzzfeed,1
stickybrand,1
exploded,1
electricity,1
studies,1
bootz,1
neal,1
nowdays,1
peace,1
refocus,1
usa,1
alienating,1
blocking,1
interstates,1
overrated,1
eternalmuke,1
stooges,1
disgust,1
professional,1
wake,1
sealskevin,1
frick,1
staging,1
fallontimberlake,1
hair,1
tantrum,1
tantrums,1
temper,1
destructive,1
whites,1
democratswarontruth,1
breach,1
intensifies,1
proposition,1
continuation,1
drugs,1
relieve,1
sex,1
guards,1
morphing,1
praetorian,1
unaware,1
applevslg,1
comparephones,1
lgus,1
plays,1
sharneal,1
hellvcopter,1
fansite,1
recommends,1
city,1
hal,1
mayors,1
station,1
usalivestrong,1
blows,1
charliekirk,1
chicago,1
dieing,1
phony,1
protesting,1
spare,1
stuntbrain,1
okfatty,1
package,1
tracking,1
usps,1
droplr,1
jpetersen,1
macpro,1
std,1
synch,1
windstorm,1
googlehangouts,1
aca,1
amnestytaxesdebteconomy,1
amppaid,1
distraction,1
failures,1
funded,1
ows,1
rowdman,1
auugmotionsynth,1
aevan,1
trombone,1
addis,1
abdinsyakirin,1
alget,1
arstechnica,1
bypass,1
cablesatellite,1
joemullin,1
stb,1
applied,1
skillz,1
twain,1
somehow,1
ayyy,1
fourth,1
biztechltd,1
wallet,1
chan,1
investor,1
jun,1
xiaomis,1
sim,1
cold,1
sensitive,1
smfh,1
italicize,1
downhill,1
fios,1
plastic,1
stbs,1
dbreeeezy,1
betrayed,1
adnantariqbajwa,1
airmun,1
horrific,1
hahaha,1
infinite,1
stab,1
angelicaxpham,1
corpora,1
exxon,1
mobil,1
dope,1
except,1
window,1
gotnewsdotcom,1
laurelcatherine,1
proves,1
ganondaif,1
webcam,1
permanently,1
recovery,1
twofactor,1
accurate,1
shittiest,1
skype,1
headscarf,1
sista,1
turban,1
consuela,1
juke,1
quincenera,1
session,1
tasha,1
warned,1
footwork,1
danny,1
jamal,1
nope,1
percolator,1
terrio,1
lydiaslyfe,1
baidus,1
juns,1
mariannarosen,1
protected,1
danger,1
wildjazie,1
slides,1
halfassed,1
implementations,1
aaplaccel,1
datagravity,1
series,1
baimains,1
terabyte,1
presales,1
ringing,1
toll,1
coachella,1
ibeacon,1
bigdreamsbutsmallact,1
demanded,1
shortcut,1
toggler,1
cantor,1
measures,1
theft,1
chrisskinner,1
orwellian,1
vision,1
amdocs,1
itd,1
cutting,1
dividends,1
hahahamark,1
ohaiigloria,1
facts,1
lang,1
obrien,1
venturebeat,1
appleipad,1
guitar,1
irig,1
loud,1
perform,1
ripoff,1
appellate,1
mfn,1
rparloff,1
bobpisani,1
daddy,1
mall,1
ridedrive,1
schedule,1
mapping,1
primesense,1
reassignment,1
sortitout,1
hearing,1
fashionluxury,1
hires,1
drunk,1
sorts,1
argument,1
longrunning,1
settled,1
neat,1
yhoo,1
stockmarket,1
weaker,1
jimbreyer,1
certified,1
collaborated,1
sap,1
zebra,1
boom,1
cosumerlaw,1
equaliser,1
replacemrnt,1
roof,1
crudeoil,1
tvix,1
comment,1
april,1
discussbrooklyn,1
wsj,1
applesupport,1
layaway,1
calicard,1
folks,1
garners,1
handled,1
sfbjnews,1
overdone,1
floschliep,1
fashionistas,1
flog,1
cocacola,1
designdriven,1
outperformed,1
sampp,1
devpt,1
googlefit,1
aaplfinally,1
outlets,1
seek,1
coolsend,1
forgive,1
dailymotion,1
fusion,1
scene,1
ufc,1
bchmura,1
advertisements,1
streamlined,1
bestbook,1
nonfiction,1
operation,1
paperclip,1
unfiltered,1
ipaded,1
visual,1
redesign,1
odyssey,1
remarkable,1
techrepublic,1
aaplinch,1
seo,1
dashlane,1
introduces,1
dozens,1
ranking,1
reasonable,1
misalignment,1
perceiving,1
biz,1
deeply,1
biometrics,1
cryptocurrency,1
kristen,1
dictatorship,1
monument,1
refuse,1
macbookair,1
pricing,1
functionality,1
goto,1
gestures,1
motion,1
reassigns,1
tcentury,1
heading,1
steveliesman,1
halt,1
replacements,1
removal,1
pcmag,1
retailers,1
teaching,1
iwantmynewimacnow,1
neck,1
disappearing,1
assembled,1
compatible,1
technogym,1
treadmills,1
sacca,1
valuable,1
reenabled,1
hoetbh,1
daniels,1
bah,1
humbug,1
cashed,1
exception,1
whomovedmycheese,1
companycheck,1
pacifier,1
pencil,1
skirt,1
temporarily,1
transitions,1
disagree,1
cargill,1
theforesttrust,1
kellenklein,1
communicate,1
compile,1
handed,1
nowounder,1
garrettwollman,1
acquisition,1
autopassword,1
lastpass,1
agoand,1
baseball,1
frank,1
geary,1
operator,1
pete,1
shehungup,1
stadium,1
afraid,1
sikrikim,1
tzimerman,1
nowhere,1
designtaxi,1
faced,1
minor,1
nine,1
remains,1
bps,1
frn,1
lnkd,1
vol,1
whatif,1
zoonova,1
marisalovexox,1
rift,1
technologya,1
relief,1
mothers,1
stepram,1
arrived,1
confused,1
nonapple,1
outofboxexperience,1
pono,1
cmon,1
tier,1
anonymous,1
itunesapp,1
yak,1
yik,1
celebrities,1
industry,1
reports,1
wearabletechnology,1
proof,1
dois,1
styiesburn,1
tool,1
nialihburn,1
tres,1
nickm,1
fastcompany,1
byebyebye,1
hostage,1
jackson,1
met,1
productive,1
skin,1
twe,1
avocado,1
mmlxiv,1
appleandibm,1
ibmandtwitter,1
ibmwatson,1
marcbulandr,1
downloading,1
unhelpful,1
